code,system
1B1U.11,readv2
Eu33314,readv2
1BT..00,readv2
Eu25111,readv2
Eu32314,readv2
E112400,readv2
1B1U.00,readv2
E115300,readv2
E113400,readv2
E115000,readv2
E11..12,readv2
Eu32313,readv2
E115400,readv2
Eu20400,readv2
1B17.00,readv2
Eu32312,readv2
Eu25100,readv2
E115200,readv2
E115.00,readv2
Eu33311,readv2
Eu33313,readv2
2257.00,readv2
Eu32300,readv2
1JJ..00,readv2
Eu31300,readv2
E115z00,readv2
E130.00,readv2
E115100,readv2
Eu33316,readv2
Eu32311,readv2
1B17.11,readv2
Eu32800,readv2
Eu33315,readv2
E114600,readv2
E116500,readv2
E111600,readv2
E116600,readv2
E110500,readv2
E115500,readv2
E117600,readv2
Eu32A00,readv2
E110600,readv2
Eu32900,readv2
E111500,readv2
Eu31700,readv2
E115600,readv2
E114500,readv2
E107500,readv2
E117500,readv2
E11..00,readv2
E11..11,readv2
E111000,readv2
E114z00,readv2
Eu25011,readv2
Eu31.13,readv2
E111100,readv2
Eu30.00,readv2
E110100,readv2
Eu31400,readv2
E114.11,readv2
Eu31.11,readv2
ZV11112,readv2
Eu25000,readv2
Eu31100,readv2
E115.11,readv2
Eu31.12,readv2
Eu33213,readv2
Eu30y00,readv2
E114300,readv2
E110200,readv2
E114100,readv2
E110z00,readv2
E11yz00,readv2
E11y000,readv2
1S42.00,readv2
E11y300,readv2
Eu30.11,readv2
E114200,readv2
Eu31500,readv2
E111.00,readv2
E11y.00,readv2
E11y100,readv2
146D.00,readv2
Eu31200,readv2
Eu30z00,readv2
E111200,readv2
Eu33312,readv2
E114.00,readv2
Eu33300,readv2
Eu31y12,readv2
E110000,readv2
ZV11111,readv2
E111z00,readv2
E114000,readv2
E110.00,readv2
E11..13,readv2
E111400,readv2
E110400,readv2
R001.00,readv2
R001z00,readv2
R001000,readv2
1B1E.00,readv2
E117z00,readv2
E117400,readv2
E117000,readv2
E117100,readv2
Eu31z00,readv2
E116000,readv2
E117.00,readv2
E107000,readv2
Eu25z00,readv2
E117200,readv2
E11z.00,readv2
E117300,readv2
E11z000,readv2
Eu31911,readv2
Eu31800,readv2
Eu31900,readv2
Eu31.00,readv2
Eu31y11,readv2
F481K00,readv2
R001400,readv2
E116100,readv2
E116300,readv2
E116400,readv2
Eu25200,readv2
E116.00,readv2
E116z00,readv2
E107400,readv2
E107300,readv2
E107100,readv2
E107200,readv2
Eu25.00,readv2
212T.00,readv2
212V.00,readv2
Eu31000,readv2
E110.11,readv2
Eu30000,readv2
Eu30100,readv2
Eu30212,readv2
Eu30200,readv2
Eu30z11,readv2
Eu30211,readv2
Eu25212,readv2
E107.00,readv2
E107z00,readv2
1BT..11,readv2
1BQ..00,readv2
1BY..00,readv2
Eu0z.12,readv2
Eu3z.11,readv2
Eu25z11,readv2
Eu25y00,readv2
Eu31y00,readv2
E11zz00,readv2
1BU..00,readv2
Eu31600,readv2
E114400,readv2
E111300,readv2
E110300,readv2
Eu25211,readv2
E107.11,readv2
1B16.00,readv2
E116200,readv2
225C.00,readv2